Time (s),Sound Selection
0.0,4
3.5566773414611816,4
6.880282878875732,4
10.209730386734009,4
13.533961772918701,4
