Time (s),Sound Selection
8.916854858398438e-05,3
3.796461820602417,3
7.139158248901367,3
10.469468355178833,3
13.793551683425903,3
