Time (s),Sound Selection
0.00012087821960449219,4
3.7803518772125244,4
7.107673406600952,4
10.438117027282715,4
13.748355150222778,4
