Time (s),Sound Selection
0.0,3
3.987666130065918,3
7.321648597717285,3
10.677776336669922,3
14.023129940032959,3
